Name , Price , Image 
Pasta Easy Treat para Cachorros - ,5.8212,https://img1.petsonic.com/13277-large_default/kong-pasta-easy-treat-para-cachorros-para-perros.jpg
Huesos Delibones para Perro - ,3.49,https://img1.petsonic.com/13301-large_default/huesos-delibones-para-perro.jpg
Huesos Delibones para Perro - ,3.49,https://img1.petsonic.com/13301-large_default/huesos-delibones-para-perro.jpg
Pasta Easy Treat para Perro - ,5.8212,https://img3.petsonic.com/13278-large_default/kong-pasta-easy-treat-para-perros.jpg
Sticks de Cordero en Monodosis para Perro - ,2.95,https://img1.petsonic.com/12051-large_default/sticks-de-cordero-en-monodosis-para-perro.jpg
Sticks de Queso en Monodosis para Perro - ,2.95,https://img3.petsonic.com/12048-large_default/sticks-de-queso-en-monodosis-para-perro.jpg
Huesos Piel Prensada para Perro - ,5.69052,https://img1.petsonic.com/12999-large_default/huesos-piel-prensada-para-perro.jpg
Huesos Piel Prensada para Perro - ,5.69052,https://img1.petsonic.com/12999-large_default/huesos-piel-prensada-para-perro.jpg
Huesos Piel Prensada para Perro - ,5.69052,https://img1.petsonic.com/12999-large_default/huesos-piel-prensada-para-perro.jpg
Huesos Piel Prensada para Perro - ,5.69052,https://img1.petsonic.com/12999-large_default/huesos-piel-prensada-para-perro.jpg
Stick de Pescado en Monodosis para Perro - ,2.95,https://img2.petsonic.com/13920-large_default/stick-pescado-monodosis-para-perro.jpg
Sticks de Higado en Monodosis para Perro - ,2.95,https://img1.petsonic.com/12049-large_default/sticks-dehigado-en-monodosis-para-perro.jpg
Sticks de Pato en Monodosis para Perro - ,2.95,https://img3.petsonic.com/12050-large_default/sticks-de-pato-en-monodosis-para-perro.jpg
Sticks de Ternera en Monodosis para Perro - ,2.95,https://img2.petsonic.com/12046-large_default/sticks-de-ternera-en-monodosis-para-perro.jpg
Sticks de Pollo en Monodosis para Perro - ,2.95,https://img3.petsonic.com/12047-large_default/sticks-de-pollo-en-monodosis-para-perro.jpg
Snacks de Cordero en Monodosis para Perro - ,0.99,https://img1.petsonic.com/12029-large_default/snacks-de-cordero-en-monodosis-para-perro.jpg
Snacks de Pato en Monodosis para Perro - ,0.99,https://img2.petsonic.com/12028-large_default/snacks-de-pato-en-monodosis-para-perro.jpg
Snacks de Higado en Monodosis para Perro - ,0.99,https://img3.petsonic.com/12026-large_default/snacks-de-higado-en-monodosis-para-perro.jpg
Snacks de Queso en Monodosis para Perro - ,0.99,https://img1.petsonic.com/12025-large_default/snacks-de-queso-en-monodosis-para-perro.jpg
Snacks de Pollo en Monodosis para Perro - ,0.99,https://img3.petsonic.com/12024-large_default/snacks-de-pollo-en-monodosis-para-perro.jpg
Snacks de Ternera en Monodosis para Perro - ,0.99,https://img2.petsonic.com/12023-large_default/alpha-spirit-snacks-ternera-monodosis-para-perros.jpg
Snack Iberico para Perro - ,1.2001,https://img1.petsonic.com/15757-large_default/snack-iberico-para-perro.jpg
Snack Pescado para Perro - ,1.2001,https://img3.petsonic.com/15760-large_default/snack-pescado-para-perro.jpg
Snack Queso para Perro - ,1.2001,https://img1.petsonic.com/15759-large_default/snack-queso-para-perro.jpg
Snacks Fruta para Perro - ,1.2001,https://img2.petsonic.com/15756-large_default/snacks-fruta-para-perro.jpg
Snack Pavo para Perro - ,1.2001,https://img3.petsonic.com/15758-large_default/snack-pavo-para-perro.jpg
Snacks de Pescado en Monodosis para Perro - ,0.99,https://img1.petsonic.com/12027-large_default/snacks-de-pescado-en-monodosis-para-perro.jpg
Puppy Snack - ,11.99,https://img1.petsonic.com/18854-large_default/affinity-advance-puppy-snack-para-perros.jpg
Puppy Snack - ,11.99,https://img1.petsonic.com/18854-large_default/affinity-advance-puppy-snack-para-perros.jpg
+7 Años Snack - ,2.6906,https://img2.petsonic.com/18861-large_default/siete-anos-snack.jpg
+7 Años Snack - ,2.6906,https://img2.petsonic.com/18861-large_default/siete-anos-snack.jpg
Dental Care Stick Medium - ,8.9551,https://img1.petsonic.com/18858-large_default/affinity-advance-dental-care-stick-medium-para-perros.jpg
Dental Care Stick Medium - ,8.9551,https://img1.petsonic.com/18858-large_default/affinity-advance-dental-care-stick-medium-para-perros.jpg
Hypoallergenic Snack - ,10.989,https://img3.petsonic.com/18860-large_default/affinity-advance-hypoallergenic-snack-para-perros.jpg
Hypoallergenic Snack - ,10.989,https://img3.petsonic.com/18860-large_default/affinity-advance-hypoallergenic-snack-para-perros.jpg
Articular Snack - ,20.988,https://img3.petsonic.com/18859-large_default/affinity-advance-articular-snack-para-perros.jpg
Articular Snack - ,20.988,https://img3.petsonic.com/18859-large_default/affinity-advance-articular-snack-para-perros.jpg
Sensitive Snack - ,2.6906,https://img2.petsonic.com/18863-large_default/sensitive-snack.jpg
Sensitive Snack - ,2.6906,https://img2.petsonic.com/18863-large_default/sensitive-snack.jpg
Dental Care Stick Mini - ,2.2407,https://img1.petsonic.com/18855-large_default/affinity-advance-dental-care-stick-mini-para-perros.jpg
Dental Care Stick Mini - ,2.2407,https://img1.petsonic.com/18855-large_default/affinity-advance-dental-care-stick-mini-para-perros.jpg
Treats Ranch Romney Lamb 56gr. - ,6.2832,https://img3.petsonic.com/19382-large_default/orijen-treats-ranch-raised-lamb-56gr-para-perros.jpg
Treats Ranch Romney Lamb 56gr. - ,6.2832,https://img3.petsonic.com/19382-large_default/orijen-treats-ranch-raised-lamb-56gr-para-perros.jpg
Treat Free Run Duck 42.5 Gr - ,6.127,https://img1.petsonic.com/19383-large_default/orijen-treat-free-run-duck-42-5-gr-para-perros.jpg
Treat Free Run Duck 42.5 Gr - ,6.127,https://img1.petsonic.com/19383-large_default/orijen-treat-free-run-duck-42-5-gr-para-perros.jpg
Treat Grass-Fed Lamb 35 gr - ,4.367,https://img2.petsonic.com/13838-large_default/treat-grass-fed-lamb-35-gr.jpg
Regional Treats 42.5 gr - ,32.989,https://img1.petsonic.com/13414-large_default/regional-treats-42-5-gr.jpg
Regional Treats 42.5 gr - ,32.989,https://img1.petsonic.com/13414-large_default/regional-treats-42-5-gr.jpg
Treat Free Run Duck 35 gr - ,4.367,https://img2.petsonic.com/13837-large_default/treat-free-run-duck-35-gr.jpg
Biscuits Light 400gr. - ,11.99,https://img2.petsonic.com/13408-large_default/purina-pro-plan-biscuits-light-400gr-para-perros.jpg
Biscuits Light 400gr. - ,11.99,https://img2.petsonic.com/13408-large_default/purina-pro-plan-biscuits-light-400gr-para-perros.jpg
Biscuits Dental Bar 150gr. - ,16.5,https://img2.petsonic.com/13407-large_default/purina-pro-plan-biscuits-dental-bar-150gr-para-perros.jpg
Biscuits Dental Bar 150gr. - ,16.5,https://img2.petsonic.com/13407-large_default/purina-pro-plan-biscuits-dental-bar-150gr-para-perros.jpg
Appetite Control Snack - ,11.495,https://img3.petsonic.com/18862-large_default/affinity-advance-appetite-control-snack-para-perros.jpg
Appetite Control Snack - ,11.495,https://img3.petsonic.com/18862-large_default/affinity-advance-appetite-control-snack-para-perros.jpg
IB Snack Pollo y Manzana - ,4.6464,https://img1.petsonic.com/17227-large_default/hill-s-ideal-balance-ib-snack-pollo-manzana-para-perros.jpg
IB Snack Pollo y Manzana - ,4.6464,https://img1.petsonic.com/17227-large_default/hill-s-ideal-balance-ib-snack-pollo-manzana-para-perros.jpg
IB Snack Pollo y Zanahoria - ,18.986,https://img3.petsonic.com/14131-large_default/hill-s-ideal-balance-ib-snack-pollo-zanahoria-para-perros.jpg
IB Snack Pollo y Zanahoria - ,18.986,https://img3.petsonic.com/14131-large_default/hill-s-ideal-balance-ib-snack-pollo-zanahoria-para-perros.jpg
Adventuros Sticks de Búfalo - ,6.3,https://img1.petsonic.com/14130-large_default/purina-pro-plan-adventuros-sticks-bufalo-para-perros.jpg
Adventuros Sticks de Búfalo - ,6.3,https://img1.petsonic.com/14130-large_default/purina-pro-plan-adventuros-sticks-bufalo-para-perros.jpg
Adventuros Nuggets Jabalí - ,6.985,https://img2.petsonic.com/14129-large_default/purina-pro-plan-adventuros-nuggets-jabali-para-perros.jpg
Adventuros Nuggets Jabalí - ,6.985,https://img2.petsonic.com/14129-large_default/purina-pro-plan-adventuros-nuggets-jabali-para-perros.jpg
Adventuros Strips Venado - ,6.3,https://img1.petsonic.com/14128-large_default/purina-pro-plan-adventuros-strips-venado-para-perros.jpg
Adventuros Strips Venado - ,6.3,https://img1.petsonic.com/14128-large_default/purina-pro-plan-adventuros-strips-venado-para-perros.jpg
Adventuros Mini Sticks de Búfalo - ,6.3,https://img3.petsonic.com/14127-large_default/purina-pro-plan-adventuros-mini-sticks-bufalo-para-perros.jpg
Adventuros Mini Sticks de Búfalo - ,6.3,https://img3.petsonic.com/14127-large_default/purina-pro-plan-adventuros-mini-sticks-bufalo-para-perros.jpg
Delibakie Rolls - ,1.793,https://img3.petsonic.com/14125-large_default/purina-pro-plan-delibakie-rolls-para-perros.jpg
Delibakie Hearts - ,1.72788,https://img3.petsonic.com/14123-large_default/purina-pro-plan-delibakie-hearts-para-perros.jpg
Delibakie Hearts - ,1.72788,https://img3.petsonic.com/14123-large_default/purina-pro-plan-delibakie-hearts-para-perros.jpg
Delibakie Biscotti - ,2.486,https://img1.petsonic.com/14121-large_default/purina-pro-plan-delibakie-biscotti-para-perros.jpg
Delibakie Biscotti - ,2.486,https://img1.petsonic.com/14121-large_default/purina-pro-plan-delibakie-biscotti-para-perros.jpg
Glyco-flex ll Snacks para Perro - ,39.49,https://img3.petsonic.com/11858-large_default/vetnova-glyco-flex-ll-snacks-para-perro.jpg
Glyco-flex ll Snacks para Perro - ,39.49,https://img3.petsonic.com/11858-large_default/vetnova-glyco-flex-ll-snacks-para-perro.jpg
Snack Ternera y Manzana para Perro - ,1.49,https://img2.petsonic.com/11538-large_default/iams-snack-ternera-y-manzana-para-perros.jpg
Sticks Pollo y Ternera para Perro - ,3.99,https://img2.petsonic.com/11532-large_default/iams-sticks-pollo-y-ternera-para-perros.jpg
Snack Cordero y Arándano para Perro - ,1.49,https://img2.petsonic.com/11550-large_default/iams-snack-cordero-arandano-para-perros.jpg
Glyco-flex l Snacks para Perro - ,62.953,https://img3.petsonic.com/11857-large_default/glyco-flex-l-snacks-para-perro.jpg
Hueso Piel Pollo y Jamón para Perro - ,3,https://img2.petsonic.com/11548-large_default/iams-hueso-piel-pollo-y-jamon-para-perros.jpg
Hueso Piel Pollo y Jamón para Perro - ,3,https://img2.petsonic.com/11548-large_default/iams-hueso-piel-pollo-y-jamon-para-perros.jpg
Hueso Piel Pollo y Ternera para Perro - ,3.49,https://img1.petsonic.com/11547-large_default/iams-hueso-piel-pollo-y-ternera-para-perros.jpg
Hueso Piel Pollo y Ternera para Perro - ,3.49,https://img1.petsonic.com/11547-large_default/iams-hueso-piel-pollo-y-ternera-para-perros.jpg
Hueso Piel Pollo y Ternera para Perro - ,3.49,https://img1.petsonic.com/11547-large_default/iams-hueso-piel-pollo-y-ternera-para-perros.jpg
Huesos Piel Pollo y Jamón para Perro - ,4.49,https://img3.petsonic.com/11528-large_default/iams-huesos-piel-pollo-y-jamon-para-perros.jpg
Huesos Piel Pollo y Ternera para Perro - ,3.99,https://img3.petsonic.com/11527-large_default/iams-huesos-piel-pollo-y-ternera-para-perros.jpg
Huesos Piel Pollo y Ternera para Perro - ,3.99,https://img3.petsonic.com/11527-large_default/iams-huesos-piel-pollo-y-ternera-para-perros.jpg
Huesos Piel Pollo y Ternera para Perro - ,3.99,https://img3.petsonic.com/11527-large_default/iams-huesos-piel-pollo-y-ternera-para-perros.jpg
Huesos Piel Pollo y Ternera para Perro - ,3.99,https://img3.petsonic.com/11527-large_default/iams-huesos-piel-pollo-y-ternera-para-perros.jpg
Regular - ,1.287,https://img3.petsonic.com/18837-large_default/greenies-regular-para-perros.jpg
Regular - ,1.287,https://img3.petsonic.com/18837-large_default/greenies-regular-para-perros.jpg
Regular - ,1.287,https://img3.petsonic.com/18837-large_default/greenies-regular-para-perros.jpg
Large - ,15.500599,https://img3.petsonic.com/14141-large_default/greenies-large-para-perros.jpg
Large - ,15.500599,https://img3.petsonic.com/14141-large_default/greenies-large-para-perros.jpg
Snack Pollo y Zanahoria para Perro - ,1.49,https://img1.petsonic.com/11539-large_default/iams-snack-pollo-y-zanahoria-para-perros.jpg
Stick en Espiral Pollo y Jamón para Perro - ,3.99,https://img3.petsonic.com/11534-large_default/iams-stick-en-espiral-pollo-y-jamon-para-perros.jpg
Stick en Espiral Pollo y Jamón para Perro - ,3.99,https://img3.petsonic.com/11534-large_default/iams-stick-en-espiral-pollo-y-jamon-para-perros.jpg
Teenie - ,0.693,https://img2.petsonic.com/18835-large_default/greenies-teenie-para-perros.jpg
Teenie - ,0.693,https://img2.petsonic.com/18835-large_default/greenies-teenie-para-perros.jpg
Teenie - ,0.693,https://img2.petsonic.com/18835-large_default/greenies-teenie-para-perros.jpg
Petite - ,1.25,https://img3.petsonic.com/18832-large_default/greenies-petite-para-perros.jpg
Petite - ,1.25,https://img3.petsonic.com/18832-large_default/greenies-petite-para-perros.jpg
Petite - ,1.25,https://img3.petsonic.com/18832-large_default/greenies-petite-para-perros.jpg
Stick en Espiral Pollo y Ternera para Perro - ,3.99,https://img2.petsonic.com/11549-large_default/iams-stick-en-espiral-pollo-y-ternera-para-perros.jpg
Stick en Espiral Pollo y Ternera para Perro - ,3.99,https://img2.petsonic.com/11549-large_default/iams-stick-en-espiral-pollo-y-ternera-para-perros.jpg
Sticks Pedigree Dentastix +25 Kg - ,0,https://img2.petsonic.com/8480-large_default/pedigree-dentastix-25-kg-para-perros.jpg
Sticks Pedigree Dentastix +25 Kg - ,0,https://img2.petsonic.com/8480-large_default/pedigree-dentastix-25-kg-para-perros.jpg
Dentastix 10-25Kg Sticks Dentales - ,12.0175,https://img1.petsonic.com/10753-large_default/pedigree-dentastix-10-25kg-sticks-dentales-para-perros.jpg
Dentastix 10-25Kg Sticks Dentales - ,12.0175,https://img1.petsonic.com/10753-large_default/pedigree-dentastix-10-25kg-sticks-dentales-para-perros.jpg
Dentastix 5-10 Kg Sticks Dentales - ,2.3562,https://img2.petsonic.com/10752-large_default/pedigree-dentastix-5-10-kg-sticks-dentales-para-perros.jpg
Dentastix 5-10 Kg Sticks Dentales - ,2.3562,https://img2.petsonic.com/10752-large_default/pedigree-dentastix-5-10-kg-sticks-dentales-para-perros.jpg
Snack Dentalife para Perros Grandes - ,4.23258,https://img2.petsonic.com/11188-large_default/purina-pro-plan-snack-dentalife-grandes-para-perros.jpg
Snack Dentalife para Perros Grandes - ,4.23258,https://img2.petsonic.com/11188-large_default/purina-pro-plan-snack-dentalife-grandes-para-perros.jpg
Snack Dentalife para Perros Medianos - ,1.694,https://img3.petsonic.com/11186-large_default/purina-pro-plan-snack-dentalife-medianos-para-perros.jpg
Snack Dentalife para Perros Medianos - ,1.694,https://img3.petsonic.com/11186-large_default/purina-pro-plan-snack-dentalife-medianos-para-perros.jpg
Snack Dentalife para Perros Mini - ,1.694,https://img3.petsonic.com/11184-large_default/purina-pro-plan-snack-dentalife-mini-para-perros.jpg
Snack Dentalife para Perro X-Small - ,4.994,https://img3.petsonic.com/15574-large_default/snack-dentalife-para-perro-x-small.jpg
Snack Dentalife para Perro X-Small - ,4.994,https://img3.petsonic.com/15574-large_default/snack-dentalife-para-perro-x-small.jpg
Plaque off Croq para Perro - ,7.99,https://img1.petsonic.com/11673-large_default/divsa-plaque-off-croq-para-perro.jpg
Plaque off Croq para Perro - ,7.99,https://img1.petsonic.com/11673-large_default/divsa-plaque-off-croq-para-perro.jpg
Limpiador Dental Masticable para Perros - ,6.952,https://img2.petsonic.com/15895-large_default/bayer-limpiador-dental-masticable-para-perros.jpg
PlaqueOff Bone Dental para Perro - ,19.9,https://img3.petsonic.com/19935-large_default/plaqueoff-bone-dental-para-perro.jpg
Greenie Pack Original Large para Perro - ,7.99,https://img2.petsonic.com/20273-large_default/greenie-pack-original-large-para-perro.jpg
Greenie Pack Petite Grain Free para Perro - ,8.95,https://img3.petsonic.com/20309-large_default/greenie-pack-petite-grain-free-para-perro.jpg
Greenie Pack Teenie Grain Free para Perro - ,7.99,https://img2.petsonic.com/20265-large_default/greenie-pack-teenie-grain-free-para-perro.jpg
Greenie Pack Original Medium para Perro - ,13.99,https://img3.petsonic.com/20281-large_default/greenie-pack-original-medium-para-perro.jpg
Greenie Pack Original Medium para Perro - ,13.99,https://img3.petsonic.com/20281-large_default/greenie-pack-original-medium-para-perro.jpg
Greenie Pack Medium Grain Free para Perro - ,8.95,https://img3.petsonic.com/20257-large_default/greenie-pack-medium-grain-free-para-perro.jpg
Greenie Pack Large Grain Free para Perro - ,8.95,https://img2.petsonic.com/20249-large_default/greenie-pack-large-grain-free-para-perro.jpg
Greenie Pack Original Teenie para Perro - ,7.590499,https://img3.petsonic.com/20299-large_default/greenie-pack-original-petite-para-perro.jpg
Greenie Pack Original Teenie para Perro - ,7.590499,https://img3.petsonic.com/20299-large_default/greenie-pack-original-petite-para-perro.jpg
VeggieDent Fresh para Perro - ,5.990001,https://img1.petsonic.com/17253-large_default/virbac-veggiedent-fresh-para-perro.jpg
VeggieDent Fresh para Perro - ,5.990001,https://img1.petsonic.com/17253-large_default/virbac-veggiedent-fresh-para-perro.jpg
VeggieDent Fresh para Perro - ,5.990001,https://img1.petsonic.com/17253-large_default/virbac-veggiedent-fresh-para-perro.jpg
VeggieDent Fresh para Perro - ,5.990001,https://img1.petsonic.com/17253-large_default/virbac-veggiedent-fresh-para-perro.jpg
Snack Healthy Treats Hypoallergenic para Perro - ,3.3781,https://img1.petsonic.com/14916-large_default/snack-healthy-treats-hypoallergenic-para-perro.jpg
Snack Healthy Treats para Perro - ,2.8545,https://img3.petsonic.com/14915-large_default/snack-healthy-treats-para-perro.jpg
Snack Healthy Treats Mini para Perro - ,2.7104,https://img3.petsonic.com/14914-large_default/snack-healthy-treats-mini-para-perro.jpg
Cutania Snacks para Perro Mini y Gato - ,20.989999,https://img1.petsonic.com/13253-large_default/cutania-snacks-para-perro-mini-gato.jpg
Cutania Snacks para Perro - ,34.6544,https://img1.petsonic.com/13252-large_default/vetnova-cutania-snacks-para-perros-gatos.jpg
Snacks Z/D Treat Canine - ,4.22939,https://img2.petsonic.com/17276-large_default/snacks-zd-treat-canine.jpg
Multiva Motion para Perro - ,18.843,https://img2.petsonic.com/11872-large_default/vetnova-multiva-motion-para-perro.jpg
Snack Metabolic Treats Canine - ,4.598,https://img3.petsonic.com/17359-large_default/snack-metabolic-treats-canine.jpg
Multiva Calming para Perros Medianos y Grandes - ,18.843,https://img3.petsonic.com/11870-large_default/vetnova-multiva-calming-para-perros-medianos-y-grandes.jpg
Multiva Active para Perro - ,18.843,https://img3.petsonic.com/11868-large_default/vetnova-multiva-active-para-perro.jpg
Multiva Calming para Gatos y Perros Pequeños - ,11.154,https://img2.petsonic.com/11869-large_default/vetnoca-multiva-calming-para-gato-y-perros-pequenos.jpg
Glyco-flex lll Snacks para Perro Mini - ,37.499,https://img3.petsonic.com/11862-large_default/vetnova-glyco-flex-lll-snacks-para-perro-mini.jpg
Glyco-flex III Snacks para Perro - ,54.945,https://img1.petsonic.com/11863-large_default/vetnova-glyco-flex-lll-snacks-para-perro.jpg
Glyco-flex III Snacks para Perro - ,54.945,https://img1.petsonic.com/11863-large_default/vetnova-glyco-flex-lll-snacks-para-perro.jpg
Glyco-flex III Snacks para Perro - ,54.945,https://img1.petsonic.com/11863-large_default/vetnova-glyco-flex-lll-snacks-para-perro.jpg
Glyco-flex ll Snacks para Gatos y Perros Pequeños - ,33.946,https://img2.petsonic.com/11859-large_default/vetnova-glyco-flex-l-snacks-para-gatos-y-perros-pequenos.jpg
